{
  "task1_nextstep": {
    "n": 600,
    "top1": 0.8766666666666667,
    "top3": 1.0,
    "top5": 1.0,
    "mrr": 0.9380555555555556,
    "top1_category": 0.99,
    "mrr_category": 0.995
  },
  "task2_completion": {
    "n": 600,
    "exact_match": 0.2833333333333333,
    "normalized_edit_distance": 0.8872215173207983,
    "category_token_accuracy": 0.83399448364186,
    "token_accuracy": 0.707711378246552,
    "block_accuracy": 0.9374397872421374
  },
  "task2_logic_validity": 1.0,
  "task3_anomaly": {
    "n": 987,
    "binary_accuracy": 0.60790273556231,
    "precision": 0.0,
    "recall": 0.0,
    "f1": 0.0,
    "confusion": {
      "tp": 0,
      "fp": 0,
      "tn": 600,
      "fn": 387
    },
    "roc_auc": 0.4873987941429802,
    "rule_attribution_accuracy": 0.0
  }
}