{
  "task1_nextstep": {
    "n": 600,
    "top1": 0.7716666666666666,
    "top3": 0.995,
    "top5": 1.0,
    "mrr": 0.8831944444444444,
    "top1_category": 0.9633333333333334,
    "mrr_category": 0.9813888888888888
  },
  "task2_completion": {
    "n": 600,
    "exact_match": 0.14166666666666666,
    "normalized_edit_distance": 0.8387296686970376,
    "category_token_accuracy": 0.7491825838435765,
    "token_accuracy": 0.5666792027941338,
    "block_accuracy": 0.9192118388476335
  },
  "task2_logic_validity": 1.0,
  "task3_anomaly": {
    "n": 987,
    "binary_accuracy": 0.5896656534954408,
    "precision": 0.4745762711864407,
    "recall": 0.43410852713178294,
    "f1": 0.45344129554655876,
    "confusion": {
      "tp": 168,
      "fp": 186,
      "tn": 414,
      "fn": 219
    },
    "roc_auc": 0.6111627906976744,
    "rule_attribution_accuracy": 0.13953488372093023
  }
}